{
	"class_name" : "PinholeCameraParameters",
	"extrinsic" : 
	[
		-0.69044464399583771,
		-0.56350474026700526,
		-0.45359519538248638,
		0.0,
		0.62374762461241073,
		-0.78133776463504589,
		0.021217877968467268,
		0.0,
		-0.36636743082298695,
		-0.26827915545514269,
		0.89095521794332588,
		0.0,
		4.2208697046903101,
		3.0836736959841478,
		39.098450293840472,
		1.0
	],
	"intrinsic" : 
	{
		"height" : 991,
		"intrinsic_matrix" : 
		[
			858.2311751503787,
			0.0,
			0.0,
			0.0,
			858.2311751503787,
			0.0,
			959.5,
			495.0,
			1.0
		],
		"width" : 1920
	},
	"version_major" : 1,
	"version_minor" : 0
}