{
	"class_name" : "PinholeCameraParameters",
	"extrinsic" : 
	[
		0.361467875668669,
		0.70999730950123241,
		-0.60435485880448658,
		0.0,
		-0.79236285312366372,
		-0.10771872647892887,
		-0.60046464088694262,
		0.0,
		-0.49142861521212511,
		0.69591701837702535,
		0.52363863463644855,
		0.0,
		0.88102870559408508,
		-0.77577290731560211,
		53.762479008843357,
		1.0
	],
	"intrinsic" : 
	{
		"height" : 1055,
		"intrinsic_matrix" : 
		[
			913.65680099258282,
			0.0,
			0.0,
			0.0,
			913.65680099258282,
			0.0,
			959.5,
			527.0,
			1.0
		],
		"width" : 1920
	},
	"version_major" : 1,
	"version_minor" : 0
}