{
	"class_name" : "PinholeCameraParameters",
	"extrinsic" : 
	[
		0.93990778975912759,
		0.34142750682262124,
		0.00077738986409291188,
		0.0,
		0.34006185085996571,
		-0.93593994663062041,
		-0.091511495948684018,
		0.0,
		-0.030516951679457283,
		0.08627672853070216,
		-0.99580371648946631,
		0.0,
		-0.35140415262100433,
		0.3884852067708966,
		49.353188099321663,
		1.0
	],
	"intrinsic" : 
	{
		"height" : 1055,
		"intrinsic_matrix" : 
		[
			913.65680099258282,
			0.0,
			0.0,
			0.0,
			913.65680099258282,
			0.0,
			959.5,
			527.0,
			1.0
		],
		"width" : 1920
	},
	"version_major" : 1,
	"version_minor" : 0
}