{
	"class_name" : "PinholeCameraParameters",
	"extrinsic" : 
	[
		0.99765048099616083,
		0.063745458100467056,
		0.025100484849712317,
		0.0,
		0.062279021671381822,
		-0.99651932239066454,
		0.055412666076506731,
		0.0,
		0.02854542393772759,
		-0.053719239324589163,
		-0.99814798607150579,
		0.0,
		-0.26111600188145578,
		0.6186250608917625,
		49.265740772994015,
		1.0
	],
	"intrinsic" : 
	{
		"height" : 1055,
		"intrinsic_matrix" : 
		[
			913.65680099258282,
			0.0,
			0.0,
			0.0,
			913.65680099258282,
			0.0,
			959.5,
			527.0,
			1.0
		],
		"width" : 1920
	},
	"version_major" : 1,
	"version_minor" : 0
}