{
	"class_name" : "PinholeCameraParameters",
	"extrinsic" : 
	[
		0.31404516307698416,
		-0.44511050920262252,
		-0.83860137738101326,
		0.0,
		-0.31827389801524508,
		-0.88153480360295089,
		0.34870921392886695,
		0.0,
		-0.89447043628625988,
		0.15739448730527067,
		-0.41850879796699519,
		0.0,
		4.9547176850183092,
		0.0084835037916417555,
		48.614064355880302,
		1.0
	],
	"intrinsic" : 
	{
		"height" : 991,
		"intrinsic_matrix" : 
		[
			858.2311751503787,
			0.0,
			0.0,
			0.0,
			858.2311751503787,
			0.0,
			959.5,
			495.0,
			1.0
		],
		"width" : 1920
	},
	"version_major" : 1,
	"version_minor" : 0
}