{
	"class_name" : "PinholeCameraParameters",
	"extrinsic" : 
	[
		0.3414528389618029,
		-0.93226853685142419,
		-0.11952126991389472,
		0.0,
		-0.9395231824286141,
		-0.34214070251455592,
		-0.015359992254409649,
		0.0,
		-0.026573453748704103,
		0.11753771683911121,
		-0.99271281681869838,
		0.0,
		-0.92599508072434289,
		1.6644580948058136,
		41.300287061666765,
		1.0
	],
	"intrinsic" : 
	{
		"height" : 991,
		"intrinsic_matrix" : 
		[
			858.2311751503787,
			0.0,
			0.0,
			0.0,
			858.2311751503787,
			0.0,
			959.5,
			495.0,
			1.0
		],
		"width" : 1920
	},
	"version_major" : 1,
	"version_minor" : 0
}