{
	"class_name" : "PinholeCameraParameters",
	"extrinsic" : 
	[
		-0.69990504881704252,
		0.64363703678555828,
		-0.30961958516592508,
		0.0,
		-0.31502711159344909,
		-0.66724464326044375,
		-0.67493888982731753,
		0.0,
		-0.64100767671027326,
		-0.37485457302552583,
		0.66977101122723193,
		0.0,
		-1.0076486175856729,
		-1.8424426149041864,
		59.141919419851902,
		1.0
	],
	"intrinsic" : 
	{
		"height" : 991,
		"intrinsic_matrix" : 
		[
			858.2311751503787,
			0.0,
			0.0,
			0.0,
			858.2311751503787,
			0.0,
			959.5,
			495.0,
			1.0
		],
		"width" : 1920
	},
	"version_major" : 1,
	"version_minor" : 0
}