{
	"class_name" : "PinholeCameraParameters",
	"extrinsic" : 
	[
		0.15813750863070689,
		0.19037544570250947,
		-0.96889097324603246,
		0.0,
		0.58912323373365416,
		-0.80564979529975334,
		-0.062146784379144268,
		0.0,
		-0.79241803603860228,
		-0.56096844564292236,
		-0.23955804965329003,
		0.0,
		0.80381215418212726,
		-1.5865539411843477,
		48.445276255982158,
		1.0
	],
	"intrinsic" : 
	{
		"height" : 1055,
		"intrinsic_matrix" : 
		[
			913.65680099258282,
			0.0,
			0.0,
			0.0,
			913.65680099258282,
			0.0,
			959.5,
			527.0,
			1.0
		],
		"width" : 1920
	},
	"version_major" : 1,
	"version_minor" : 0
}