{
	"class_name" : "PinholeCameraParameters",
	"extrinsic" : 
	[
		0.52183089585010656,
		-0.85104433887088271,
		0.058446979495074054,
		0.0,
		-0.85127700765491698,
		-0.51510939889176122,
		0.099948803952117901,
		0.0,
		-0.054954275305618951,
		-0.10191094371651528,
		-0.99327447726015972,
		0.0,
		2.716459608272987,
		5.3135952222900009,
		38.772631103095712,
		1.0
	],
	"intrinsic" : 
	{
		"height" : 991,
		"intrinsic_matrix" : 
		[
			858.2311751503787,
			0.0,
			0.0,
			0.0,
			858.2311751503787,
			0.0,
			959.5,
			495.0,
			1.0
		],
		"width" : 1920
	},
	"version_major" : 1,
	"version_minor" : 0
}