{
	"class_name" : "PinholeCameraParameters",
	"extrinsic" : 
	[
		0.79127229982740199,
		-0.61120523280805283,
		0.017785131821499049,
		0.0,
		-0.6114621196894916,
		-0.79100610114022885,
		0.020577272505560965,
		0.0,
		0.0014912111480728447,
		-0.027157160142181221,
		-0.99963006404485655,
		0.0,
		0.34725715207930374,
		6.0099907575594607,
		37.21369268248548,
		1.0
	],
	"intrinsic" : 
	{
		"height" : 991,
		"intrinsic_matrix" : 
		[
			858.2311751503787,
			0.0,
			0.0,
			0.0,
			858.2311751503787,
			0.0,
			959.5,
			495.0,
			1.0
		],
		"width" : 1920
	},
	"version_major" : 1,
	"version_minor" : 0
}