{
	"class_name" : "PinholeCameraParameters",
	"extrinsic" : 
	[
		-0.14248223115841074,
		0.61421995456968048,
		-0.77616535687477139,
		0.0,
		-0.37316177246269455,
		-0.75963637277777396,
		-0.53263765612799785,
		0.0,
		-0.91676011332115759,
		0.21374383865142602,
		0.33743809219163706,
		0.0,
		1.1641153518600973,
		0.10472951114765428,
		48.424019701035149,
		1.0
	],
	"intrinsic" : 
	{
		"height" : 991,
		"intrinsic_matrix" : 
		[
			858.2311751503787,
			0.0,
			0.0,
			0.0,
			858.2311751503787,
			0.0,
			959.5,
			495.0,
			1.0
		],
		"width" : 1920
	},
	"version_major" : 1,
	"version_minor" : 0
}