{
	"class_name" : "PinholeCameraParameters",
	"extrinsic" : 
	[
		0.70881486090826185,
		-0.7048758275146263,
		0.027047379562031255,
		0.0,
		-0.62074582036682791,
		-0.60508462178394629,
		0.49854511027357667,
		0.0,
		-0.33504644372491943,
		-0.37016573081006532,
		-0.86644169583482922,
		0.0,
		0.98487867412496577,
		5.7252134426507411,
		34.692463400806304,
		1.0
	],
	"intrinsic" : 
	{
		"height" : 991,
		"intrinsic_matrix" : 
		[
			858.2311751503787,
			0.0,
			0.0,
			0.0,
			858.2311751503787,
			0.0,
			959.5,
			495.0,
			1.0
		],
		"width" : 1920
	},
	"version_major" : 1,
	"version_minor" : 0
}