{
	"class_name" : "PinholeCameraParameters",
	"extrinsic" : 
	[
		0.98229526582139193,
		0.13893600032154504,
		0.12566940184282208,
		0.0,
		0.1378248422052214,
		-0.99030135763851168,
		0.017536645358412324,
		0.0,
		0.12688705062372155,
		9.4201765054400394e-05,
		-0.99191716766574856,
		0.0,
		-3.4830445174885263,
		3.9845961493287709,
		34.116283251247296,
		1.0
	],
	"intrinsic" : 
	{
		"height" : 991,
		"intrinsic_matrix" : 
		[
			858.2311751503787,
			0.0,
			0.0,
			0.0,
			858.2311751503787,
			0.0,
			959.5,
			495.0,
			1.0
		],
		"width" : 1920
	},
	"version_major" : 1,
	"version_minor" : 0
}